akemp = Andrew Kemp <akemp@cct.lsu.edu>
aserio = Adrian Serio <aserio@cct.lsu.edu>
atabbal = Alex Tabbal <atabbal@cct.lsu.edu>
atandon = Anshul Tandon <atandon@cct.lsu.edu>
blelbach = Bryce Adelstein-Lelbach <blelbach@cct.lsu.edu>
cdekate = Chirag Dekate <cdekate@cct.lsu.edu>
dkogler = Daniel Kogler <dkogler@cct.lsu.edu>
dstark = Dylan Stark <dstark@cct.lsu.edu>
heller = Thomas Heller <heller@cct.lsu.edu>
hkaiser = Hartmut Kaiser <hkaiser@cct.lsu.edu>
jparziale = Jonathan Parziale <jparziale@cct.lsu.edu>
kkufahl = Katelyn Kufahl <kkufahl@cct.lsu.edu>
maciek = Maciej Brodowicz <maciek@cct.lsu.edu>
manderson = Matthew Anderson <manderson@cct.lsu.edu>
markpell = Mark Pellegrini <markpell@cct.lsu.edu>
nalex = Alex Nagelberg <nalex@cct.lsu.edu>
pleblanc = Phillip LeBlanc <pleblanc@cct.lsu.edu>
ravitej = Ravi Tej Kavalipati <ravitej@cct.lsu.edu>
rguidry = Richard Guidry <rguidry@cct.lsu.edu>
sbrandt = Steven Brandt <sbrandt@cct.lsu.edu>
scrillo = Stephie Crillo <scrillo@cct.lsu.edu>
syang16 = Shuangyang Yang <syang16@cct.lsu.edu>
vamatya = Vinay Amatya <vamatya@cct.lsu.edu>
zbyerly = Zachary Byerly <zbyerly@cct.lsu.edu>
svn_jwest = John West <john.e.west@gmail.com>
svn_kbwheel = Kyle Wheeler <kbwheel@gmail.com> 
